ID,Nom,Link_Productes,Preu,Puntuació,Ressenyes,Link_Ressenyes
#1,"Mascarillas Quirúrgicas, higiénicas, desechables, Tipo IIR, en difrentes colores, filtración (BFE) 98%, hechas en España",https://www.amazon.es/BAENA-SALUD-Mascarillas-Quir%C3%BArgicas-desechables/dp/B08WHZSNYV?_encoding=UTF8&psc=1,"9,99 € - 62,00 €","3,5 de un máximo de 5 estrellas",5,https://www.amazon.es/product-reviews/B08WHNJ6NV
#2,"Mascarilla FFP2 CE 1463 WottoCare, 20 uds FFP2 Protección Personal. Bolsa Individual 5 capas. Alta eficiencia filtración. Pinza Nasal Suave/Ajustable, Mascarilla Profesional",https://www.amazon.es/Mascarilla-WottoCare-Protecci%C3%B3n-filtraci%C3%B3n-Profesional/dp/B08VD6655G?_encoding=UTF8&psc=1,"16,95 €","4,1 de un máximo de 5 estrellas",378,https://www.amazon.es/product-reviews/B08VD6655G
#3,"KDOD Mascarillas FFP2 Homologadas, 20 Unidades, CE2163 EN 149:2001 + A1:2009 FFP2 NR PFE≥94%",https://www.amazon.es/KDOD-Mascarillas-Homologadas-Unidades-CE2163/dp/B08VVV6KYD?_encoding=UTF8&psc=1,"12,99 € - 13,00 €","4,2 de un máximo de 5 estrellas",28,https://www.amazon.es/product-reviews/B08WPPYQLD
#4,"Oxímetro de Pulso, Pulsioximetro de Dedo Profesional, saturacion oxigeno oxímetro con pantalla OLED,oxímetro portátil para adultos de alta precisión (Incluyendo batería)",https://www.amazon.es/Pulsioximetro-Profesional-saturacion-precisi%C3%B3n-Incluyendo/dp/B08RMYX8Y5?_encoding=UTF8&psc=1,"16,99 €","4,6 de un máximo de 5 estrellas",8.780,https://www.amazon.es/product-reviews/B0914QPTHY
#5,CRAZYCHIC - Mascarilla FFP2 Negra Homologada Certificada CE EN149 - Mascarilla de Protección Respiratoria - Protectora Respirador Antipolvo - 5 Capas Alta Filtración - Paquete de 10 Piezas,https://www.amazon.es/CRAZYCHIC-Mascarilla-Homologada-Certificada-Respiratoria/dp/B08R6CTHNK?_encoding=UTF8&psc=1,"9,99 €","4,5 de un máximo de 5 estrellas",547,https://www.amazon.es/product-reviews/B08R6CTHNK
#6,Protección con Elástico para Los Oídos Pack 100 Unidades,https://www.amazon.es/Protecci%C3%B3n-El%C3%A1stico-para-O%C3%ADdos-Unidades/dp/B08RZBTGQ6?_encoding=UTF8&psc=1,"5,99 €","4,2 de un máximo de 5 estrellas",73,https://www.amazon.es/product-reviews/B08RZBTGQ6
#7,"WottoCare Mascarilla Quirúrgica Tipo II R, Mascarilla Protección, Desechable. 3 capas. BFE superior al 95% . Mascara Facial No estéril (50 unidades)",https://www.amazon.es/WottoCare-Mascarilla-Quir%C3%BArgica-Protecci%C3%B3n-Desechable/dp/B08R683X3V?_encoding=UTF8&psc=1,"12,60 €","4,5 de un máximo de 5 estrellas",63,https://www.amazon.es/product-reviews/B08R683X3V
#8,"konjac Mascarillas FFP2 homologadas CE 2163 (30 unidades) Cinco capas Mascarillas Faciales Según Norma Europea EN 149:2001+A1:2009. embolsadas individualmente,con Salvaorejas.",https://www.amazon.es/konjac-Mascarillas-homologadas-unidades-Faciales/dp/B08VD9XG1Z?_encoding=UTF8&psc=1,"20,99 €","4,9 de un máximo de 5 estrellas",589,https://www.amazon.es/product-reviews/B08ZKSHS7X
#9,"10 Piezas Niños Infantil,Surtidos,Dibujos Animados para Actividades Aire Libre, Patrón Escuela, Fiesta",https://www.amazon.es/Infantil-Surtidos-Dibujos-Animados-Actividades/dp/B08W29VK8P?_encoding=UTF8&psc=1,"4,19 € - 4,99 €","3,4 de un máximo de 5 estrellas",31,https://www.amazon.es/product-reviews/B08VJHJT56
#10,"MAYJAM Lemongrass Essential Oils 100 ml, 100% Aceites Esenciales Naturales Puros, Aceite Esencial de Aromaterapia de Grado Terapéutico, Aceites de Fragancia para Relajación, Sueño, Regalos Perfectos",https://www.amazon.es/MAYJAM-Lemongrass-Esenciales-Aromaterapia-Terap%C3%A9utico/dp/B08RHQXDQQ?_encoding=UTF8&psc=1,"11,89 € - 19,99 €","4,2 de un máximo de 5 estrellas",405,https://www.amazon.es/product-reviews/B08S6RRQ3S
#11,"KKmier Mascarillas FFP2 Homologadas, Mascarilla (20 Pack) ffp2 con Pendientes Elásticos y Clip Nariz Adaptable, Protección de 5 capas y Filtración de Partículas (EFP) ≥95% [Certificada CE 2163]",https://www.amazon.es/KKmier-Mascarillas-Homologadas-Mascarilla-Certificada/dp/B08T5R6RG1?_encoding=UTF8&psc=1,"19,99 €","4,8 de un máximo de 5 estrellas",420,https://www.amazon.es/product-reviews/B08T5R6RG1
#12,N / P 50 Unidades Tela No Tejida De 3 Capas Para Adulto Hombres Mujeres Con EláStico para Los OíDos,https://www.amazon.es/Unidades-Tejida-Hombres-Mujeres-El%C3%A1Stico/dp/B08V8Y6NQ3?_encoding=UTF8&psc=1,"5,78 € - 6,89 €","3,7 de un máximo de 5 estrellas",38,https://www.amazon.es/product-reviews/B08V8MQRZY
#13,"Mobiclinic, Almohadilla eléctrica dorsal y cervical, 3 Niveles de calor, Apagado automático, Marca Española, Para espalda, lumbares y cervicales, Lavable, Gris, 62x43",https://www.amazon.es/Mobiclinic-Almohadilla-el%C3%A9ctrica-autom%C3%A1tico-cervicales/dp/B08TMHB8GK?_encoding=UTF8&psc=1,"19,99 €","3,5 de un máximo de 5 estrellas",3,https://www.amazon.es/product-reviews/B08TMHB8GK
#14,PACK 50 Mascarillas Quirurgicas Homologadas Desechables con 3 Capas de Tejido no Tejido BFE ≥ 98% Directiva 93/42/CEE Clase 1. Mascarilla quirurgicas certificada/homologada (50 Unidades),https://www.amazon.es/Mascarillas-Quirurgicas-Homologadas-Desechables-quirurgicas/dp/B08S49HD77?_encoding=UTF8&psc=1,"9,99 €","4,2 de un máximo de 5 estrellas",56,https://www.amazon.es/product-reviews/B08S49HD77
#15,BIODEFENCE Mascarilla FFP2 Española Fabricada y Homologada en España Con Certificación CE 0161 Caja de 20 unidades embolsadas individualmente en bolsa de PE,https://www.amazon.es/BIODEFENCE-Mascarilla-Homologada-Certificaci%C3%B3n-individualmente/dp/B08VRZMJRH?_encoding=UTF8&psc=1,"23,20 €","4,6 de un máximo de 5 estrellas",140,https://www.amazon.es/product-reviews/B08VRZMJRH
#16,IDOIT Mascarillas ffp2 filtro multicapa 20 pcs certificado CE y EN 149:2001+A1:2009 mascarillas ffp2 homologadas,https://www.amazon.es/IDOIT-Mascarillas-filtro-multicapa-certificado/dp/B08T7GZPQN?_encoding=UTF8&psc=1,"14,99 €","4,7 de un máximo de 5 estrellas",422,https://www.amazon.es/product-reviews/B08T7GZPQN
#17,"Báscula de Baño Digital, Báscula Inteligente de Alta Medición Precisa 180kg/ 400lbs/ 28st, con Tecnología Step-On, Vidrio Templado de 5mm, Gran Pantalla LCD Retroiluminada",https://www.amazon.es/Inteligente-Medici%C3%B3n-Tecnolog%C3%ADa-Templado-Retroiluminada/dp/B08DJ649DH?_encoding=UTF8&psc=1,"15,29 €","4,5 de un máximo de 5 estrellas",462,https://www.amazon.es/product-reviews/B08T9Q6N2N
#18,Clemars- Copa Menstrual Kit Suave de silicona 2 Copas en Talla S y L Esterilizador de Silicona Lavable Dura 12 Horas 20ml y 25 ml copa comoda facil de usar facil de limpiar,https://www.amazon.es/Clemars-Menstrual-silicona-Esterilizador-Silicona/dp/B08TCC4S79?_encoding=UTF8&psc=1,"12,59 €","4,8 de un máximo de 5 estrellas",10,https://www.amazon.es/product-reviews/B08TCC4S79
#19,"Arándano Rojo Cápsulas 30.000 mg 180 Cápsulas- Suplemento Natural con Vitamina C del Ácido Ascórbico, Extracto de Arándano Rojo Concentrado 50:1 de Alta Absorción, Suministro Para 3 Meses",https://www.amazon.es/Ar%C3%A1ndano-C%C3%A1psulas-Suplemento-Asc%C3%B3rbico-Concentrado/dp/B08RRZPPNP?_encoding=UTF8&psc=1,"15,49 €","4,6 de un máximo de 5 estrellas",28,https://www.amazon.es/product-reviews/B08RRZPPNP
#20,PUBLIMER Mascarilla FFP2 Ultra protección Homologada CE + Ajustador + Estuche - Marca Española - Caja 25 ud NEGRO,https://www.amazon.es/PUBLIMER-Mascarilla-protecci%C3%B3n-Homologada-Ajustador/dp/B08VR22M9H?_encoding=UTF8&psc=1,"23,95 €","4,1 de un máximo de 5 estrellas",38,https://www.amazon.es/product-reviews/B08VR22M9H
#21,5 UDS - PINZA MASCARILLA ANTIVAHO - NOVAHO,https://www.amazon.es/UDS-PINZA-MASCARILLA-ANTIVAHO-NOVAHO/dp/B08VWC6XG9?_encoding=UTF8&psc=1,"9,95 €","2,6 de un máximo de 5 estrellas",5,https://www.amazon.es/product-reviews/B08VWC6XG9
#22,"OSTROVIT ORAL JELLY 7 SOBRES VITAMINAS, K,C,D",https://www.amazon.es/OSTROVIT-ORAL-JELLY-SOBRES-VITAMINAS/dp/B08ZDPL4W3?_encoding=UTF8&psc=1,"30,00 €","5,0 de un máximo de 5 estrellas",1,https://www.amazon.es/product-reviews/B08ZDPL4W3
#23,"PHATOIL Juego de Aceites Esenciales (15 Piezas 100% Lavanda Pura, Eucalipto, Jazmín, Limoncillo, Naranja Dulce, Sándalo, Menta, Vainilla, Rosa, Limón, Ylang, Manzanilla, árbol de Té, Canela, Romero",https://www.amazon.es/Esenciales-Eucalipto-Limoncillo-Vainilla-Manzanilla/dp/B08RNH5TP9?_encoding=UTF8&psc=1,"19,99 € - 23,99 €","4,6 de un máximo de 5 estrellas",492,https://www.amazon.es/product-reviews/B08YJLW6N1
#24,"SIMBR Tensiómetro de Brazo Digital, Monitor de Tensión Arterial con Memorias de 2x90 Mediciones y Gran Pantalla LED, Deteccion de Irregular Arritmia, Brazalete 22-42cm",https://www.amazon.es/SIMBR-Tensi%C3%B3metro-Mediciones-Deteccion-Irregular/dp/B0899V3RZJ?_encoding=UTF8&psc=1,"21,99 €","4,9 de un máximo de 5 estrellas",16,https://www.amazon.es/product-reviews/B0899V3RZJ
#25,"Irrigador Bucal Inalambrico,TUREWELL Portatil Profesional Irrigador Dental con 300ML Tanque, 6 Modos y 5 Boquillas,IPX7 a Prueba de Agua y 2 Formas de Carga, Irrigadores dentales para viajes / hogar",https://www.amazon.es/Irrigador-Inalambrico-TUREWELL-Profesional-Irrigadores/dp/B08V568TTQ?_encoding=UTF8&psc=1,"31,99 €","4,5 de un máximo de 5 estrellas",36,https://www.amazon.es/product-reviews/B08V4PMXV6
#26,10x Mascarillas FFP2 NR Homologadas y Certificadas CE - Surtido de colores - Embolsado individual para mayor higiene y comodidad - Protección contra polvo y partículas (pack 10),https://www.amazon.es/10x-Mascarillas-FFP2-Homologadas-Certificadas/dp/B08VWLQ14P?_encoding=UTF8&psc=1,"17,49 €","3,8 de un máximo de 5 estrellas",19,https://www.amazon.es/product-reviews/B08VWLQ14P
#27,MUTE EARPLUGS. Tapones de oidos reutilizables diseñados para cancelar el ruido y así poder dormir mejor. También son impermeables y perfectos para el baño y la piscina.,https://www.amazon.es/MUTE-EARPLUGS-reutilizables-dise%C3%B1ados-impermeables/dp/B08V4XSN9W?_encoding=UTF8&psc=1,"12,95 €","4,7 de un máximo de 5 estrellas",7,https://www.amazon.es/product-reviews/B08V4XSN9W
#28,"Monitor de saturación de oxígeno, pulsioxímetro de frecuencia cardíaca, dedo Sp02 Monitor de oxígeno en sangre Bajo consumo de energía Oxímetro portátil de alta precisión para niños adultos",https://www.amazon.es/saturaci%C3%B3n-pulsiox%C3%ADmetro-frecuencia-card%C3%ADaca-precisi%C3%B3n/dp/B08RN8YCVD?_encoding=UTF8&psc=1,"12,99 €","4,7 de un máximo de 5 estrellas",20.142,https://www.amazon.es/product-reviews/B08XBB7PJJ
#29,Rontak Oxímetro de Pulso | Pulsioxímetro de Dedo | Saturación de Oxígeno | Frecuencia de Pulso | Pantalla OLED,https://www.amazon.es/Rontak-Ox%C3%ADmetro-Pulsiox%C3%ADmetro-Saturaci%C3%B3n-Frecuencia/dp/B08XBDQFW8?_encoding=UTF8&psc=1,"19,99 €","4,6 de un máximo de 5 estrellas",13,https://www.amazon.es/product-reviews/B08XBDQFW8
#30,"Cepillos de Dientes,Jkevow Limpieza de los Dientes Cepillos Dentales, Limpieza Dental Bucal Limpiador con 3 Modos de Cepillado, 4 Recambio Cabezales kit Limpieza Dental 5 in 1",https://www.amazon.es/Cepillos-Jkevow-Limpiador-Cepillado-Cabezales/dp/B08S7FQMVV?_encoding=UTF8&psc=1,"26,99 €","4,7 de un máximo de 5 estrellas",188,https://www.amazon.es/product-reviews/B08TWBQXSQ
#31,"Beedove Cepillo de Dientes Eléctrico para Niños, 3 Modos Sonic Cepillo en Forma de U Niños, con Carga USB y Función IPX7 Prueba Agua, para Niños Pequeños de 2 a 6 Niño (Azul)",https://www.amazon.es/Beedove-Cepillo-Dientes-El%C3%A9ctrico-Peque%C3%B1os/dp/B08VDNLVKM?_encoding=UTF8&psc=1,"23,99 €","5,0 de un máximo de 5 estrellas",2,https://www.amazon.es/product-reviews/B08VD85N3Z
#32,"Oxímetro de Pulso, Pulsioximetro de Dedo Profesional, saturacion oxigeno oxímetro con pantalla OLED,oxímetro portátil para adultos de alta precisión (Incluyendo batería)",https://www.amazon.es/Pulsioximetro-Profesional-saturacion-precisi%C3%B3n-Incluyendo/dp/B08RJ889H9?_encoding=UTF8&psc=1,"14,44 €","4,5 de un máximo de 5 estrellas",2.213,https://www.amazon.es/product-reviews/B08ZC9J7H5
#33,"DEIK Báscula de Baño Inteligente Digital Alta Medición Precisa, Bascula Grasa Corporal, Balanza Digital Baño con Bluetooth por iOS y Android App, Análisis 13 Funciones, 180 kg / 400 lb",https://www.amazon.es/Inteligente-Medici%C3%B3n-Corporal-Bluetooth-Funciones/dp/B08TLR6RT8?_encoding=UTF8&psc=1,"22,98 € - 24,98 €","4,5 de un máximo de 5 estrellas",13,https://www.amazon.es/product-reviews/B08ZSPQP34
#34,"Probióticos y Prebióticos Intestinales | Con Inulina y Glutamina | Sistema Inmunológico, Colon Irritable y Más | 90 Cápsulas | Repara Flora Intestinal y Vaginal | Amplio Espectro | 60 Mil Millones UFC",https://www.amazon.es/Probi%C3%B3ticos-Prebi%C3%B3ticos-Intestinales-Inmunol%C3%B3gico-Intestinal/dp/B08TX73RDB?_encoding=UTF8&psc=1,"21,95 €","4,6 de un máximo de 5 estrellas",25,https://www.amazon.es/product-reviews/B08TX73RDB
#35,"Pistola de Masaje Muscular, Masajeador Profesional de Músculos de Tejido Profundo Silenciosos con 30 Niveles Ajustable, 6 Cabezas de Masaje, Pantalla LCD, para Relajar los Músculos y Aliviar el Dolor",https://www.amazon.es/Muscular-Masajeador-Profesional-Silenciosos-Ajustable/dp/B08SC7HNJ6?_encoding=UTF8&psc=1&smid=AX3MZ2XM5I0H3,"50,99 €","4,9 de un máximo de 5 estrellas",98,https://www.amazon.es/product-reviews/B08SC7HNJ6
#36,Batidos para Adelgazar sustitutivos de comida formatos 1KG proteínas Dieta quema grasas Batido de pérdida de peso completo saciante. Quemador de grasa natural sin pasar hambre (CHOCOLATE),https://www.amazon.es/Adelgazar-sustitutivos-prote%C3%ADnas-saciante-CHOCOLATE/dp/B08VHD4LH7?_encoding=UTF8&psc=1,"29,90 €","3,8 de un máximo de 5 estrellas",6,https://www.amazon.es/product-reviews/B08VW3388Y
#37,"Sanytol Desinfectantes Multiusos, Pack De X 30 Toallitas, 10 Unidades",https://www.amazon.es/Sanytol-Desinfectantes-Multiusos-Toallitas-Unidades/dp/B08KYM3TXW?_encoding=UTF8&psc=1,"19,82 €","5,0 de un máximo de 5 estrellas",2,https://www.amazon.es/product-reviews/B08KYM3TXW
#38,"konjac Protector Orejas Salvaorejas para Mascarillas, Extensores para Mascarillas con Adaptador Ajustable de 4 Ganchos. Alargador y Sujetador de Mascarillas para Niños y Adultos.",https://www.amazon.es/konjac-Protector-Salvaorejas-Mascarillas-Extensores/dp/B08V4YGM42?_encoding=UTF8&psc=1,"9,99 €","4,7 de un máximo de 5 estrellas",120,https://www.amazon.es/product-reviews/B08ZRTH6N2
#39,"Paño Antivaho,Toallitas Antivaho Para Gafas,Toallitas Antivaho,Bayeta Antivaho,Paños De Limpieza Antivaho, paño antivaho para gafas,paño de limpieza en seco reutilizables - 5 paquetes",https://www.amazon.es/Antivaho-Toallitas-Limpieza-antivaho-reutilizables/dp/B08VJ5Z9XM?_encoding=UTF8&psc=1,null,"4,6 de un máximo de 5 estrellas",1.285,https://www.amazon.es/product-reviews/B08VJ5Z9XM
#40,Oxímetro de pulso dedo profesional Wawech Pulsioximetro de Dedo con pantalla LED medidor de oxígeno en sangre portátil para adultos niños,https://www.amazon.es/Ox%C3%ADmetro-profesional-Wawech-Pulsioximetro-pantalla/dp/B08W33NXG2?_encoding=UTF8&psc=1,"29,99 €",null,null,null
#41,"Colgate Kit Max Fresh y Max White, Pasta de Dientes - Pack 3 uds Max Fresh x 75ml + 1 ud Max White x 75ml",https://www.amazon.es/Colgate-Fresh-White-Pasta-Dientes/dp/B08T78FZ46?_encoding=UTF8&psc=1,"6,79 €","4,6 de un máximo de 5 estrellas",16,https://www.amazon.es/product-reviews/B08T78FZ46
#42,"ELIOX Mascarilla FFP2 CE 2163, Mascarilla Homologada de Protección Civil. 5 capas. Mascara de Alta Eficiencia Filtración + Normativa EN149, Entrega Rapida (20 piezas)",https://www.amazon.es/ELIOX-Mascarilla-Homologada-Protecci%C3%B3n-Eficiencia/dp/B08VVYRPXS?_encoding=UTF8&psc=1,"14,00 €","3,8 de un máximo de 5 estrellas",27,https://www.amazon.es/product-reviews/B08VVYRPXS
#43,IDOIT Mascarillas ffp2 filtro multicapa 20 pcs certificado CE y EN 149:2001+A1:2009 mascarillas ffp2 homologadas,https://www.amazon.es/IDOIT-Mascarillas-filtro-multicapa-certificado/dp/B08T7GKLD5?_encoding=UTF8&psc=1,null,"3,7 de un máximo de 5 estrellas",6,https://www.amazon.es/product-reviews/B08T7GKLD5
#44,"Salvaorejas para mascarillas (10 Piezas), KKmier Sujeta mascarillas para Protección de Orejas, Extensores mascarillas para Aliviar el dolor en las orejas y tener mayor sujeción de la mascarillas",https://www.amazon.es/Salvaorejas-mascarillas-KKmier-Protecci%C3%B3n-Extensores/dp/B08TTG199Y?_encoding=UTF8&psc=1,"9,99 €","4,7 de un máximo de 5 estrellas",109,https://www.amazon.es/product-reviews/B08ZSS4K8V
#45,"Ensure Max Protein - Alto contenido en proteínas, batido nutricional, sabor a chocolate - Pack 8 x 330 ml",https://www.amazon.es/Ensure-Max-Protein-contenido-nutricional/dp/B08QWPPV8H?_encoding=UTF8&psc=1,"16,00 € - 28,60 €","5,0 de un máximo de 5 estrellas",2,https://www.amazon.es/product-reviews/B08W56KJ6X
#46,"Mobiclinic, Almohadilla cervical, Eléctrica, 3 rangos de temperatura, Apagado automático, Marca Española, Protección por sobrecalentamiento, Lavable, Para cuello, Beige, 62x60",https://www.amazon.es/Mobiclinic-Almohadilla-temperatura-autom%C3%A1tico-sobrecalentamiento/dp/B08TMBB26Q?_encoding=UTF8&psc=1,"23,99 €","3,7 de un máximo de 5 estrellas",21,https://www.amazon.es/product-reviews/B08TMBB26Q
#47,NATURAGRA ® Plus | 30 Cápsulas,https://www.amazon.es/NATURAGRA-%C2%AE-Plus-30-C%C3%A1psulas/dp/B08R7N1FYH?_encoding=UTF8&psc=1,"19,50 €","4,1 de un máximo de 5 estrellas",22,https://www.amazon.es/product-reviews/B08R7N1FYH
#48,"Rodillera Menisco y Ligamentos,2 Piezas Rodilleras Deportivas Compresion para Hombre y Mujer, Rodilleras Transpirable y Antideslizante para Crossfit,Correr,Entrenamiento,Baloncesto,Voleibol,Béisbo",https://www.amazon.es/Ligamentos-Rodilleras-Transpirable-Antideslizante-Entrenamiento/dp/B08WBYF566?_encoding=UTF8&psc=1,"12,15 € - 14,99 €","5,0 de un máximo de 5 estrellas",4,https://www.amazon.es/product-reviews/B08Z41DRWK
#49,"KKmier Mascarillas FFP2 Homologadas, Mascarilla (50 Pack) ffp2 con Pendientes Elásticos y Clip Nariz Adaptable, Protección de 5 capas y Filtración de Partículas (EFP) ≥95% [Certificada CE 2163]",https://www.amazon.es/KKmier-Mascarillas-Homologadas-Mascarilla-Certificada/dp/B08T6Q832K?_encoding=UTF8&psc=1,"44,99 €","4,9 de un máximo de 5 estrellas",306,https://www.amazon.es/product-reviews/B08T6Q832K
#50,"Limpiador de dientes Sportmall ultrasónico con 5 modos de trabajo, no necesita hilo de agua, eliminador de cálculos dentales domésticos para combatir el sarro dental",https://www.amazon.es/Limpiador-Sportmall-ultras%C3%B3nico-eliminador-dom%C3%A9sticos/dp/B08Q38GK3Z?_encoding=UTF8&psc=1,"15,99 €",null,null,null
#51,Ginkgo Biloba 6000 mg - 365 Comprimidos - Premium: Con glicósidos flavonoides + ginkgolide terpene lactones y ácido ginkgólico libre - Sin aditivos no deseados - Altamente dosificado - Vegano,https://www.amazon.es/Ginkgo-Biloba-6000-Comprimidos-flavonoides/dp/B0169DU768?_encoding=UTF8&psc=1,"16,91 €","4,2 de un máximo de 5 estrellas",10,https://www.amazon.es/product-reviews/B0169DU768
#52,Sábana Desechable SMS Ajustable 80x210 cm (20g) | Pack de sabanas desechables para camilla | (10 uds),https://www.amazon.es/Desechable-Ajustable-sabanas-desechables-camilla/dp/B08XMM5QHZ?_encoding=UTF8&psc=1,"12,13 € - 590,80 €","4,6 de un máximo de 5 estrellas",4,https://www.amazon.es/product-reviews/B08XMN12L9
#53,"Cinta Métrica Corporal Para Medir Diámetros Corporales y Medir Grasa. Para Nutricionistas, Entrenadores y Profesionales de la Salud.",https://www.amazon.es/Di%C3%A1metros-Corporales-Nutricionistas-Entrenadores-Profesionales/dp/B08WPXHWJB?_encoding=UTF8&psc=1,"5,50 €","3,6 de un máximo de 5 estrellas",4,https://www.amazon.es/product-reviews/B08WPXHWJB
#54,"Lima Eléctrica Pedicura, QUARED Eléctrico Lima Pies Profesional Recargable, Elimina Fácilmente Callos y Piel con 2 Velocidades y 3 Repuestos",https://www.amazon.es/QUARED-Profesional-Recargable-F%C3%A1cilmente-Velocidades/dp/B08SQM4PSR?_encoding=UTF8&psc=1,"21,99 €","4,9 de un máximo de 5 estrellas",33,https://www.amazon.es/product-reviews/B08SQM4PSR
#55,10x Mascarillas FFP2 NR Negras - Homologadas y certificadas CE - Embolsado individual para mayor comodidad e higiene - Protección polvo y partículas (pack 10),https://www.amazon.es/10x-Mascarillas-FFP2-Negras-certificadas/dp/B08WYRXFH8?_encoding=UTF8&psc=1,"11,89 €","4,7 de un máximo de 5 estrellas",6,https://www.amazon.es/product-reviews/B08WYRXFH8
#56,"Ribnican Accessories - Juego de 4 rodillos de masaje anticelulitis (madera, 40 cm)",https://www.amazon.es/Ribnican-Accessories-rodillos-masaje-anticelulitis/dp/B08627Z9S1?_encoding=UTF8&psc=1,"19,90 €","4,3 de un máximo de 5 estrellas",9,https://www.amazon.es/product-reviews/B08627Z9S1
#57,"HYMANZ Dispositivos Anti Ronquidos Soluciones, ¡Dejar De Roncar,Diseñados Científicamente para Detener los Ronquidos, Solución Premium Anti Ronquidos,Antiolor Ronquido Apta para Hombres y Mujeres",https://www.amazon.es/HYMANZ-Dispositivos-Ronquidos-Soluciones-Cient%C3%ADficamente/dp/B08RJW6798?_encoding=UTF8&psc=1,"9,99 € - 10,99 €","4,5 de un máximo de 5 estrellas",529,https://www.amazon.es/product-reviews/B08XYSM1PK
#58,FIGURMED metabol 30cap.,https://www.amazon.es/Arkopharma-FIGURMED-metabol-30cap/dp/B08T1PN6PC?_encoding=UTF8&psc=1,"25,45 €","5,0 de un máximo de 5 estrellas",4,https://www.amazon.es/product-reviews/B08T1PN6PC
#59,SIMPLECASE 40x Mascarilla FFP2 Certificada CE EN149 - Mascarilla de Protección Respiratoria - Protectora Respirador Antipolvo Homologada - Alta filtración - Entrega Rápida,https://www.amazon.es/SIMPLECASE-Mascarilla-FFP2-Certificada-EN149/dp/B08JLWKV66?_encoding=UTF8&psc=1,null,"3,9 de un máximo de 5 estrellas",22,https://www.amazon.es/product-reviews/B08JLWKV66
#60,5 Piezas Salvaorejas de Silicona para Mascarillas - Protector de Orejas y Enganches Soportes para Mascarillas - Sujeta Mascarillas con Adaptador Ajustable,https://www.amazon.es/Piezas-Salvaorejas-Silicona-para-Mascarillas/dp/B08VRVBC62?_encoding=UTF8&psc=1,"7,99 €","5,0 de un máximo de 5 estrellas",2,https://www.amazon.es/product-reviews/B08VRVBC62
#61,1 pinza nasal antivaho para mascarilla - Evita el empañamiento - Reciclable - Totalmente biodegradable - Banda para el puente nasal,https://www.amazon.es/pinza-nasal-antivaho-para-mascarilla/dp/B08X3T8GBV?_encoding=UTF8&psc=1,"5,99 €",null,null,null
#62,Masajeador cervical y espalda. Shiatsu masajeador con reposabrazos. Apto como masajeador cervicales y espalda. Y también como masajeador espalda y cuello. Relajante muscular. Masaje terapéutico.,https://www.amazon.es/Masajeador-masajeador-reposabrazos-cervicales-terap%C3%A9utico/dp/B08W4JR694?_encoding=UTF8&psc=1,"30,99 €","4,0 de un máximo de 5 estrellas",5,https://www.amazon.es/product-reviews/B08W4JR694
#63,Sábana Desechable SMS Ajustable 95x220 cm | Pack de sábanas desechables para camilla. Pilbelles (10 uds),https://www.amazon.es/Desechable-Ajustable-desechables-camilla-Pilbelles/dp/B08XMMFK34?_encoding=UTF8&psc=1,"13,64 € - 705,30 €","5,0 de un máximo de 5 estrellas",1,https://www.amazon.es/product-reviews/B08XMM3CPS
#64,SYZYGY FOOD | Espirulina Ecológica Certificada | 300 comprimidos de 500mg | Máxima pureza 99% BIO Spirulina | DETOX - Vegano - Proteína Vegetal - Saciante | Control Apetito - Hierro - Minerales,https://www.amazon.es/Espirulina-Ecol%C3%B3gica-Certificada-comprimidos-Spirulina/dp/B08X9TYCCQ?_encoding=UTF8&psc=1,"9,99 €","5,0 de un máximo de 5 estrellas",4,https://www.amazon.es/product-reviews/B08X9TYCCQ
#65,"Cigarrillo electrónico Kit Cigarro electrónico y 5x10 ml E líquido 80W Mod con 0,5 Ohm/ 3 ml Atomizador 2000 mAh Batería Vape, Pantalla LED de vatio ajustable 0,0mg nicotina E Cigarette LZ80W - Negro",https://www.amazon.es/Cigarrillo-electr%C3%B3nico-Atomizador-ajustable-Cigarette/dp/B08TCB6V12?_encoding=UTF8&psc=1,"31,99 €","5,0 de un máximo de 5 estrellas",3,https://www.amazon.es/product-reviews/B08TCB6V12
#66,Superthings Cepillo Dental Infantil 21 g,https://www.amazon.es/Superthings-Cepillo-Dental-Infantil-21/dp/B08W68B9VL?_encoding=UTF8&psc=1,"2,35 €",null,null,null
#67,Blanqueador de Dientes - Tiras blanqueadoras - Blanqueamiento Dental - Higiene Bucal - Eliminación Manchas Dentales - 28 Bandas blanqueadoras con Tecnología Antideslizante,https://www.amazon.es/Blanqueador-Dientes-blanqueadoras-Blanqueamiento-Antideslizante/dp/B08XZNHXNT?_encoding=UTF8&psc=1,"13,99 €","5,0 de un máximo de 5 estrellas",1,https://www.amazon.es/product-reviews/B08XZNHXNT
#68,Fly Hookah Boquilla Premium para Cachimba – Boquillas para Shisha Exclusiva con Resina de colores y láminas doradas – Incluye Cadena para el Cuello y Caja de Acero para Transportar (Azul Dorado),https://www.amazon.es/Fly-Hookah-Boquilla-Premium-Cachimba/dp/B08X4YJYJ1?_encoding=UTF8&psc=1,"14,99 €","5,0 de un máximo de 5 estrellas",17,https://www.amazon.es/product-reviews/B08YFKDP4W
#69,"tiras blanqueadoras dientes, tiras blanqueadoras , ifanze tiras de blanqueamiento dental, dientes blancos, blanqueador dientes, bandas dentales blanqueadoras 28 PCS refresca la respiración",https://www.amazon.es/blanqueadoras-blanqueamiento-blanqueador-dentales-respiraci%C3%B3n/dp/B08D6958LD?_encoding=UTF8&psc=1,"9,99 €","3,5 de un máximo de 5 estrellas",1.186,https://www.amazon.es/product-reviews/B08D6958LD
#70,"Soolike Adulto,Juventud 4 Capas Protectoral,Ajustable,Paquete Individual,Adecuado para La Escuela, Viajes, Trabajo.",https://www.amazon.es/Soolike-Juventud-Protectoral-Ajustable-Individual/dp/B08V9H15LS?_encoding=UTF8&psc=1,"3,99 € - 24,78 €","4,9 de un máximo de 5 estrellas",4,https://www.amazon.es/product-reviews/B08W51GL64
#71,"CLA Quemagrasas potente para Adelgazar, Crecimiento Muscular. Suplemento Natural para Perder Peso. Acido Linoleico Conjugado 1500 mg",https://www.amazon.es/Quemagrasas-Adelgazar-Crecimiento-Muscular-Suplemento/dp/B08JVL561T?_encoding=UTF8&psc=1,null,"5,0 de un máximo de 5 estrellas",10,https://www.amazon.es/product-reviews/B08JVL561T
#72,Saco térmico semillas para microondas (30x18cm). Aroma suave a Lavanda. Saquito con funda lavable extraíble. Cojín para dolor cervical lumbar cuello espalda menstrual colicos (Geometrico),https://www.amazon.es/semillas-microondas-extra%C3%ADble-menstrual-Geometrico/dp/B08Y5XSM3L?_encoding=UTF8&psc=1,"14,99 € - 15,99 €",null,null,null
#73,"Paquete de 2 antifaces para dormir, antifaz para ojos de animales, antifaz de felpa con dibujos animados, visera transpirable de viaje para mujeres y niños",https://www.amazon.es/Paquete-antifaces-animales-animados-transpirable/dp/B08TR5DWZS?_encoding=UTF8&psc=1,"6,99 €",null,null,null
#74,"Urikar Pistola de Masaje Muscular, Pistola Masajeadora de Músculos Tejido Profundo con Manija 180° Giratoria, Massage Gun, 30 Niveles Ajustables, 6 Cabezales de Masaje, Pantalla Táctil HD - Pro 3",https://www.amazon.es/Urikar-Masajeadora-Giratoria-Ajustables-Cabezales/dp/B08SVSBV72?_encoding=UTF8&psc=1,"129,99 € - 139,99 €","4,9 de un máximo de 5 estrellas",423,https://www.amazon.es/product-reviews/B08YR241T9
#75,"Roysmart Masajeador eléctrico inalámbrico para pared, 20 tipos de vibración, 8 velocidades, perfecto para dolores musculares y recuperación después de tu programa deportivo (negro)",https://www.amazon.es/Roysmart-Masage-Massagestab-inalambrica-el%C3%A9ctrica/dp/B089LXZH3Q?_encoding=UTF8&psc=1,"17,99 €","4,3 de un máximo de 5 estrellas",313,https://www.amazon.es/product-reviews/B08X4FXWDL
#76,"Oral-B Pro-Expert Protección Profesional Pasta de Dientes, Pack de 4, enviado en un cartón reciclado, Limpieza Bucal Completa (4x125 ml)",https://www.amazon.es/Oral-B-Pro-Expert-Protecci%C3%B3n-Profesional-reciclado/dp/B08VDH9ZFW?_encoding=UTF8&psc=1,"22,38 €","4,6 de un máximo de 5 estrellas",5,https://www.amazon.es/product-reviews/B08VDH9ZFW
#77,"Tensiómetro de Muñeca,Tensiómetro de Brazo Eléctrico Digital con Monitoreo de Arritmia Memorias de 2 Usuarios(2 * 99) Gran Pantalla LCD Brazalete (Negro)",https://www.amazon.es/Tensi%C3%B3metro-El%C3%A9ctrico-Monitoreo-Arritmia-Brazalete/dp/B08Y6TBKS9?_encoding=UTF8&psc=1,"15,99 €","4,8 de un máximo de 5 estrellas",66,https://www.amazon.es/product-reviews/B08Y6VRC26
#78,"MOMMED 50 test ovulacion Tira + 50 copas colectoras, Tira de test ovulacion, test ovulacion alta sensibilidad",https://www.amazon.es/MOMMED-ovulacion-copas-colectoras-sensibilidad/dp/B07BNLF5R1?_encoding=UTF8&psc=1,"13,99 €","4,4 de un máximo de 5 estrellas",486,https://www.amazon.es/product-reviews/B07BNLF5R1
#79,"KNOCKY Bascula de Baño Digital Inteligente Bluetooth Sin Pilas, Con Carga USB, Luz Artificial y Solar - Medición Alta Precisión Peso Corporal - Grasa Corporal, Masa Muscular, IMC, Grasa Visceral",https://www.amazon.es/KNOCKY-Bascula-Inteligente-Bluetooth-Artificial/dp/B08VWK8B82?_encoding=UTF8&psc=1,"23,80 € - 23,99 €","4,4 de un máximo de 5 estrellas",44,https://www.amazon.es/product-reviews/B08W26B794
#80,"ZQDL - Calcetines ortopédicos de compresión para mujer, calcetines de dedos, de corte ultrabajo, con tira de gel, transpirables.",https://www.amazon.es/ZQDL-Calcetines-ortop%C3%A9dicos-compresi%C3%B3n-transpirables/dp/B08V8VXFMY?_encoding=UTF8&psc=1,"2,85 € - 4,90 €","3,8 de un máximo de 5 estrellas",4,https://www.amazon.es/product-reviews/B08V9C7997
#81,Physiorelax PACK AHORRO Physiorelax: Forte Plus 75ml + Forte Plus Spray 150ml (Kit de Masaje) 220 ml,https://www.amazon.es/Physiorelax-PACK-AHORRO-Forte-Masaje/dp/B08VT8WLP7?_encoding=UTF8&psc=1,"15,99 €","5,0 de un máximo de 5 estrellas",2,https://www.amazon.es/product-reviews/B08VT8WLP7
#82,"Chuangdi Paquete de 12 Precision Clean Cabezales de repuesto para cepillos de dientes eléctricos, compatible para Braun Oral-B Cepillo de dientes eléctrico, 4 protectoras de plástico higiénicas",https://www.amazon.es/Precision-el%C3%A9ctricos-compatible-protectoras-higi%C3%A9nicas/dp/B08S48RCZW?_encoding=UTF8&psc=1,"7,09 €","4,6 de un máximo de 5 estrellas",22,https://www.amazon.es/product-reviews/B08S48RCZW
#83,ASPCOK (2 pares) 15-20 mmHg Calcetines médicos de compresión con cremallera Soporte de pierna con cremallera Unisex Rodilla abierta,https://www.amazon.es/ASPCOK-Calcetines-m%C3%A9dicos-compresi%C3%B3n-cremallera/dp/B08SLP31ST?_encoding=UTF8&psc=1,"12,99 €","5,0 de un máximo de 5 estrellas",6,https://www.amazon.es/product-reviews/B08TBFBK53
#84,"BOWQY Masajeador eléctrico de silicona, con nueve modos de masaje y relajación, carga USB, 100% impermeable",https://www.amazon.es/BOWQY-Masajeador-el%C3%A9ctrico-relajaci%C3%B3n-impermeable/dp/B08TH8VSKH?_encoding=UTF8&psc=1,"26,99 €",null,null,null
#85,"Pastillero Semanal 1 Toma Diaria, Organizador de Pastillas Letras Grandes, Pastilleros Semanales 7 Compartimentos, Dosificador de Medicamentos Material Calidad Alimenticia, Pastillero Grande Viaje",https://www.amazon.es/Organizador-Pastilleros-Compartimentos-Dosificador-Medicamentos/dp/B08VX2TY9J?_encoding=UTF8&psc=1,"5,97 € - 8,99 €","4,8 de un máximo de 5 estrellas",10,https://www.amazon.es/product-reviews/B08VZTNKCR
#86,"AGPTEK Faja Lumbar para Espalda, Cinturón de Soporte Lumbar Aliviar Dolor y Lesiones, Ciática, Faja Lumbar Deportiva para Hombre y Mujer, Negro",https://www.amazon.es/AGPTEK-Espalda-Cintur%C3%B3n-Lesiones-Deportiva/dp/B08RYNZL29?_encoding=UTF8&psc=1,"24,99 € - 26,99 €",null,null,null
#87,"10 modos Succionador de clítoris,",https://www.amazon.es/10-modos-Succionador-de-cl%C3%ADtoris/dp/B08XZ9PZJD?_encoding=UTF8&psc=1,"21,00 €","5,0 de un máximo de 5 estrellas",1,https://www.amazon.es/product-reviews/B08XZ9PZJD
#88,comeondear Mujer Liguero con Encaje de Cintura Alta Talla Grande para Medias con Tanga Garter Belt,https://www.amazon.es/comeondear-Liguero-Encaje-Cintura-Grande/dp/B08VRNCXJ2?_encoding=UTF8&psc=1,"9,99 € - 10,99 €","5,0 de un máximo de 5 estrellas",1,https://www.amazon.es/product-reviews/B08X4MT5LG
#89,CRIOTERM Kinesiology Tape 5m x 5cm. Vendaje Neuromuscular Para Uso Terapéutico y Deportivo. Elástico e Impermeable (Azul),https://www.amazon.es/CRIOTERM-Kinesiology-Neuromuscular-Terap%C3%A9utico-Impermeable/dp/B08SMR7GR3?_encoding=UTF8&psc=1,"10,99 €",null,null,null
#90,"Termómetro WottoCare digital infrarrojo sin contacto, Termometro frente bebe. Lectura instantánea en 1 segundo pantalla LCD. Blanco",https://www.amazon.es/Term%C3%B3metro-WottoCare-infrarrojo-Termometro-instant%C3%A1nea/dp/B08VR92C8K?_encoding=UTF8&psc=1,"29,90 €","4,7 de un máximo de 5 estrellas",11,https://www.amazon.es/product-reviews/B08VR92C8K
#91,Rayan - Gestor de Calor Cachimba narguile shisha hookah -Provost para carbones de cachimba- Accesorio vaper,https://www.amazon.es/Rayan-Cachimba-narguile-cachimba-Accesorio/dp/B08T1M437V?_encoding=UTF8&psc=1,"6,90 €","2,0 de un máximo de 5 estrellas",2,https://www.amazon.es/product-reviews/B08T1M437V
#92,"Bolsa de Agua Caliente, 2L Botellas de Agua Caliente Antifugas con Funda de Punto para Cama, Regalo para Madre Padre (Azul)",https://www.amazon.es/Bolsa-Caliente-Botellas-Antifugas-Regalo/dp/B08N6RJGXT?_encoding=UTF8&psc=1,"15,29 €","4,4 de un máximo de 5 estrellas",74,https://www.amazon.es/product-reviews/B08TBHBKL8
#93,AIRNATECH Caja de Mascarillas Higiénicas 20 lavados,https://www.amazon.es/AIRNATECH-Caja-Mascarillas-Higi%C3%A9nicas-unidades/dp/B08ZYPD4LN?_encoding=UTF8&psc=1,"15,00 € - 1.056,00 €",null,null,null
#94,OLIOPOP Papel de Liar Fumar Mediano 1 1/4 Marrón Natural (50 hojas 25 libritos),https://www.amazon.es/OLIOPOP-Mediano-Marr%C3%B3n-Natural-libritos/dp/B08W56K1P8?_encoding=UTF8&psc=1,"9,99 €","4,7 de un máximo de 5 estrellas",4,https://www.amazon.es/product-reviews/B08W56K1P8
#95,"Silicona Masajeador Portátil,Nueve Modos cómodas de Masaje,Control Remoto,Carga USB magnética (purpúra4)",https://www.amazon.es/Silicona-Masajeador-Port%C3%A1til-magn%C3%A9tica-purp%C3%BAra4/dp/B08YP1C6W3?_encoding=UTF8&psc=1,"27,99 € - 32,00 €","5,0 de un máximo de 5 estrellas",7,https://www.amazon.es/product-reviews/B08XXM6JQ4
#96,Herramienta de masaje extraíble: masajeador de doble canal con partículas en relieve 3D (tipo manual).,https://www.amazon.es/Herramienta-masaje-extra%C3%ADble-masajeador-part%C3%ADculas/dp/B08XJNHD36?_encoding=UTF8&psc=1,"22,66 €","5,0 de un máximo de 5 estrellas",1,https://www.amazon.es/product-reviews/B08XJNHD36
#97,"Magnesio, 360 mg, 240 Comprimidos | ayuda a los sistemas psíquico, nervioso, muscular y óseo | de Zenement",https://www.amazon.es/Magnesio-Comprimidos-sistemas-ps%C3%ADquico-Zenement/dp/B08W5C9NBM?_encoding=UTF8&psc=1,"15,97 €","4,8 de un máximo de 5 estrellas",10,https://www.amazon.es/product-reviews/B08W5C9NBM
#98,Termómetro Digital Corporal Termómetro para Fiebre Preciso - Pantalla LCD Lectura Rápida Termómetro Electrónico Doméstico Medición Axilar Oral Rectal - Sin Mercurio,https://www.amazon.es/Term%C3%B3metro-Digital-Corporal-Fiebre-Preciso/dp/B08S76627Q?_encoding=UTF8&psc=1,"6,99 €",null,null,null
#99,Saco térmico semillas para microondas (50x15cm). Aroma suave a Lavanda. Saquito con funda lavable extraíble. Cojín para dolor cervical lumbar cuello espalda menstrual colicos (Geometrico),https://www.amazon.es/semillas-microondas-extra%C3%ADble-menstrual-Geometrico/dp/B08Y58R77N?_encoding=UTF8&psc=1,null,"5,0 de un máximo de 5 estrellas",1,https://www.amazon.es/product-reviews/B08Y5X7JG1
#100,"Boquilla Shisha, Boquilla Cachimba, Boquilla Hookah, Accesorio Shisha, Accesorio Cachimba, Boquilla 3Dm, Boquilla Premium (ANIME)",https://www.amazon.es/Boquilla-Shisha-Cachimba-Accesorio-Premium/dp/B08XPTT8YN?_encoding=UTF8&psc=1,"9,99 €","3,5 de un máximo de 5 estrellas",2,https://www.amazon.es/product-reviews/B08XPRJDC8
